<?xml version="1.0" encoding="UTF-8" ?>
<XMLDB PATH="mod/lightboxgallery/db" VERSION="20071114" COMMENT="XMLDB file for Moodle mod/lightboxgallery"
    xmlns:xsi="http://www.w3.org/2001/XMLSchema-instance"
    xsi:noNamespaceSchemaLocation="../../../lib/xmldb/xmldb.xsd"
>
  <TABLES>
    <TABLE NAME="lightboxgallery" COMMENT="Defines lightboxgallery activities" NEXT="lightboxgallery_comments">
      <FIELDS>
        <FIELD NAME="id" TYPE="int" LENGTH="10" NOTNULL="true" UNSIGNED="true" SEQUENCE="true" ENUM="false" NEXT="course"/>
        <FIELD NAME="course" TYPE="int" LENGTH="10" NOTNULL="true" UNSIGNED="true" DEFAULT="0" SEQUENCE="false" ENUM="false" PREVIOUS="id" NEXT="folder"/>
        <FIELD NAME="folder" TYPE="char" LENGTH="255" NOTNULL="true" SEQUENCE="false" ENUM="false" PREVIOUS="course" NEXT="name"/>
        <FIELD NAME="name" TYPE="char" LENGTH="255" NOTNULL="true" SEQUENCE="false" ENUM="false" PREVIOUS="folder" NEXT="perpage"/>
        <FIELD NAME="perpage" TYPE="int" LENGTH="3" NOTNULL="true" UNSIGNED="true" DEFAULT="0" SEQUENCE="false" ENUM="false" PREVIOUS="name" NEXT="perrow"/>
        <FIELD NAME="perrow" TYPE="int" LENGTH="2" NOTNULL="true" UNSIGNED="true" DEFAULT="0" SEQUENCE="false" ENUM="false" PREVIOUS="perpage" NEXT="comments"/>
        <FIELD NAME="comments" TYPE="int" LENGTH="1" NOTNULL="true" UNSIGNED="true" DEFAULT="0" SEQUENCE="false" ENUM="false" PREVIOUS="perrow" NEXT="ispublic"/>
        <FIELD NAME="ispublic" TYPE="int" LENGTH="1" NOTNULL="true" UNSIGNED="true" DEFAULT="0" SEQUENCE="false" ENUM="false" PREVIOUS="comments" NEXT="rss"/>
        <FIELD NAME="rss" TYPE="int" LENGTH="1" NOTNULL="true" UNSIGNED="true" DEFAULT="0" SEQUENCE="false" ENUM="false" PREVIOUS="ispublic" NEXT="autoresize"/>
        <FIELD NAME="autoresize" TYPE="int" LENGTH="1" NOTNULL="true" UNSIGNED="true" DEFAULT="0" SEQUENCE="false" ENUM="false" PREVIOUS="rss" NEXT="resize"/>
        <FIELD NAME="resize" TYPE="int" LENGTH="1" NOTNULL="true" UNSIGNED="true" DEFAULT="0" SEQUENCE="false" ENUM="false" PREVIOUS="autoresize" NEXT="extinfo"/>
        <FIELD NAME="extinfo" TYPE="int" LENGTH="1" NOTNULL="true" UNSIGNED="true" DEFAULT="0" SEQUENCE="false" ENUM="false" PREVIOUS="resize" NEXT="captionfull"/>
        <FIELD NAME="captionfull" TYPE="int" LENGTH="1" NOTNULL="true" UNSIGNED="true" DEFAULT="0" SEQUENCE="false" ENUM="false" PREVIOUS="extinfo" NEXT="captionpos"/>
        <FIELD NAME="captionpos" TYPE="int" LENGTH="1" NOTNULL="true" UNSIGNED="true" DEFAULT="0" SEQUENCE="false" ENUM="false" PREVIOUS="captionfull" NEXT="intro"/>
        <FIELD NAME="intro" TYPE="text" LENGTH="small" NOTNULL="false" SEQUENCE="false" PREVIOUS="captionpos" NEXT="introformat"/>
        <FIELD NAME="introformat" TYPE="int" LENGTH="4" NOTNULL="true" UNSIGNED="true" DEFAULT="0" SEQUENCE="false" PREVIOUS="intro" NEXT="timemodified"/>
        <FIELD NAME="timemodified" TYPE="int" LENGTH="10" NOTNULL="true" UNSIGNED="true" DEFAULT="0" SEQUENCE="false" ENUM="false" PREVIOUS="introformat"/>
      </FIELDS>
      <KEYS>
        <KEY NAME="primary" TYPE="primary" FIELDS="id" COMMENT="Primary key for lightbox gallery"/>
      </KEYS>
      <INDEXES>
        <INDEX NAME="course" UNIQUE="false" FIELDS="course"/>
      </INDEXES>
    </TABLE>
    <TABLE NAME="lightboxgallery_comments" COMMENT="Contains comments attached to lightboxgallery resources" PREVIOUS="lightboxgallery" NEXT="lightboxgallery_image_meta">
      <FIELDS>
        <FIELD NAME="id" TYPE="int" LENGTH="10" NOTNULL="true" UNSIGNED="true" SEQUENCE="true" ENUM="false" NEXT="gallery"/>
        <FIELD NAME="gallery" TYPE="int" LENGTH="10" NOTNULL="true" UNSIGNED="true" DEFAULT="0" SEQUENCE="false" ENUM="false" PREVIOUS="id" NEXT="userid"/>
        <FIELD NAME="userid" TYPE="int" LENGTH="10" NOTNULL="true" UNSIGNED="true" DEFAULT="0" SEQUENCE="false" ENUM="false" PREVIOUS="gallery" NEXT="comment"/>
        <FIELD NAME="comment" TYPE="text" LENGTH="small" NOTNULL="true" SEQUENCE="false" ENUM="false" PREVIOUS="userid" NEXT="timemodified"/>
        <FIELD NAME="timemodified" TYPE="int" LENGTH="10" NOTNULL="true" UNSIGNED="true" DEFAULT="0" SEQUENCE="false" ENUM="false" PREVIOUS="comment"/>
      </FIELDS>
      <KEYS>
        <KEY NAME="primary" TYPE="primary" FIELDS="id" COMMENT="Primary key for lightbox gallery comments"/>
      </KEYS>
      <INDEXES>
        <INDEX NAME="gallery" UNIQUE="false" FIELDS="gallery"/>
      </INDEXES>
    </TABLE>
    <TABLE NAME="lightboxgallery_image_meta" COMMENT="Meta data linked to gallery images" PREVIOUS="lightboxgallery_comments">
      <FIELDS>
        <FIELD NAME="id" TYPE="int" LENGTH="10" NOTNULL="true" UNSIGNED="true" SEQUENCE="true" ENUM="false" NEXT="gallery"/>
        <FIELD NAME="gallery" TYPE="int" LENGTH="10" NOTNULL="true" UNSIGNED="true" DEFAULT="0" SEQUENCE="false" ENUM="false" PREVIOUS="id" NEXT="image"/>
        <FIELD NAME="image" TYPE="char" LENGTH="255" NOTNULL="true" SEQUENCE="false" ENUM="false" PREVIOUS="gallery" NEXT="metatype"/>
        <FIELD NAME="metatype" TYPE="char" LENGTH="20" NOTNULL="true" DEFAULT="caption" SEQUENCE="false" ENUM="true" ENUMVALUES="'caption', 'tag'" PREVIOUS="image" NEXT="description"/>
        <FIELD NAME="description" TYPE="text" LENGTH="small" NOTNULL="true" SEQUENCE="false" ENUM="false" PREVIOUS="metatype"/>
      </FIELDS>
      <KEYS>
        <KEY NAME="primary" TYPE="primary" FIELDS="id" COMMENT="Primary key for lightbox gallery captions"/>
      </KEYS>
      <INDEXES>
        <INDEX NAME="gallery" UNIQUE="false" FIELDS="gallery"/>
      </INDEXES>
    </TABLE>
  </TABLES>
</XMLDB>
